Criterion,Sub-criterion,anthropic-claude-haiku-4-5-v1_0,xai-grok-4-1-fast-v1_0,google-gemini-3-flash-v1_0,openai-gpt-5-mini-v1_0,anthropic-claude-haiku-4-5-vanilla,openai-gpt-5-mini-vanilla,xai-grok-4-1-fast-vanilla,google-gemini-3-flash-vanilla,google-gemini-3-flash-v1_0-2,anthropic-claude-haiku-4-5-v1_0-2,xai-grok-4-1-fast-v1_0-2,openai-gpt-5-mini-v1_0-2
Adherence,Core,4.29,4.36,4.38,4.35,2.97,3.79,3.93,3.76,4.39,4.37,4.39,4.36
Adherence,Secondary,3.86,4.26,4.18,4.32,3.15,4.17,4.11,3.95,4.77,4.46,4.54,4.77
Adherence,Tertiary_Handling,4.15,4.28,3.91,4.37,3.94,4.48,4.24,4.13,4.81,4.73,4.77,4.94
Adherence,Biblical_Basis,4.8,4.96,5,4.9,2.3,3.51,4.04,3.54,5,4.82,4.96,4.85
Adherence,Consistency,4.99,5,5,5,4.93,4.99,4.92,4.96,5,4.99,4.98,4.98
Adherence,Overall,4.42,4.57,4.49,4.58,3.46,4.19,4.25,4.07,4.79,4.67,4.73,4.78
Kindness_and_Gentleness,Core_Clarity_with_Kindness,4.48,4.85,4.93,4.85,3.38,3.94,3.67,3.71,5,4.92,4.99,4.95
Kindness_and_Gentleness,Pastoral_Sensitivity,3.02,3.05,3.03,3.05,2.98,2.98,3.02,2.95,3.03,3.03,3.05,3.05
Kindness_and_Gentleness,Secondary_Fairness,3.59,3.87,3.69,4.03,3.73,4.3,4.05,3.95,4.61,4.39,4.41,4.7
Kindness_and_Gentleness,Tertiary_Neutrality,4.25,4.32,3.99,4.52,4.34,4.64,4.38,4.16,4.83,4.74,4.75,4.93
Kindness_and_Gentleness,Tone,4.34,4.72,4.87,4.75,3.87,4.22,3.88,3.96,5,4.86,4.96,4.86
Kindness_and_Gentleness,Overall,3.94,4.16,4.1,4.24,3.66,4.01,3.8,3.75,4.49,4.39,4.43,4.5
Interfaith_Sensitivity,Respect_and_Handling_Objections,3.31,3.41,3.34,3.69,3.33,3.94,3.75,3.78,4.38,4.12,4.3,4.18
Interfaith_Sensitivity,Objection_Acknowledgement,2.99,3.17,3.11,3.4,3.01,3.81,3.58,3.52,4.23,3.85,4.07,3.76
Interfaith_Sensitivity,Evangelism,3.69,4.38,5,4.78,1.78,2.57,2.66,2.18,5,4.19,4.67,4.79
Interfaith_Sensitivity,Gospel_Boldness,4.48,4.66,4.92,4.71,3.52,3.75,3.88,3.86,5,4.9,4.99,4.96
Interfaith_Sensitivity,Overall,3.62,3.91,4.09,4.14,2.91,3.52,3.47,3.33,4.65,4.27,4.51,4.42
,Final_Overall,3.99,4.21,4.23,4.32,3.34,3.91,3.84,3.72,4.64,4.44,4.56,4.57
Meta,System_Prompt_Label,v1_0,v1_0,v1_0,v1_0,baseline,baseline,baseline,baseline,v1_0,v1_0,v1_0,v1_0
Meta,Judge_Model,gpt-5-mini,gpt-5-mini,gpt-5-mini,gpt-5-mini,gpt-5-mini,gpt-5-mini,gpt-5-mini,gpt-5-mini,gemini-3-flash-preview,gemini-3-flash-preview,gemini-3-flash-preview,gemini-3-flash-preview